Data,Gender,Age,Debt,Married,Data 2,Qtde,BankCustomer,Industry,Ethnicity,YearsEmployed,PriorDefault,Employed,CreditScore,DriversLicense,Citizen,Income,Approved
05/11/2020,1,30.83,0.0,1,05/11/2020,202,1,Industrials,White,1.25,1,1,1,0,ByBirth,0,1
05/11/2020,0,58.67,4.46,1,05/11/2020,43,1,Materials,Black,03.04,1,1,6,0,ByBirth,560,1
05/11/2020,0,24.5,0.5,1,05/11/2020,280,1,Materials,Black,1.5,1,0,0,0,ByBirth,824,1
05/11/2020,1,27.83,1.54,1,05/11/2020,100,1,Industrials,White,3.75,1,1,5,1,ByBirth,3,1
05/11/2020,1,20.17,5.625,1,05/11/2020,120,1,Industrials,White,1.71,1,0,0,0,ByOtherMeans,0,1
10/11/2020,1,32.08,4.0,1,10/11/2020,360,1,CommunicationServices,White,2.5,1,0,0,1,ByBirth,0,1
11/11/2020,1,33.17,01.04,1,11/11/2020,164,1,Transport,Black,6.5,1,0,0,1,ByBirth,31285,1
12/11/2020,0,22.92,11.585,1,12/11/2020,80,1,InformationTechnology,White,0.04,1,0,0,0,ByBirth,1349,1
12/11/2020,1,54.42,0.5,0,12/11/2020,180,0,Financials,Black,3.96,1,0,0,0,ByBirth,314,1
12/11/2020,1,42.5,4.915,0,12/11/2020,52,0,Industrials,White,3.165,1,0,0,1,ByBirth,1442,1
12/11/2020,1,22.08,0.83,1,12/11/2020,128,1,Energy,Black,2.165,0,0,0,1,ByBirth,0,1
12/11/2020,1,29.92,1.835,1,12/11/2020,260,1,Energy,Black,4.335,1,0,0,0,ByBirth,200,1
12/11/2020,0,38.25,6.0,1,12/11/2020,0,1,Financials,White,1.0,1,0,0,1,ByBirth,0,1
12/11/2020,1,48.08,06.04,1,12/11/2020,0,1,Financials,White,0.04,0,0,0,0,ByBirth,2690,1
19/11/2020,0,45.83,10.5,1,19/11/2020,0,1,Materials,White,5.0,1,1,7,1,ByBirth,0,1
20/11/2020,1,36.67,4.415,0,20/11/2020,320,0,Financials,White,0.25,1,1,10,1,ByBirth,0,1
21/11/2020,1,28.25,875,1,21/11/2020,396,1,CommunicationServices,White,0.96,1,1,3,1,ByBirth,0,1
22/11/2020,0,23.25,5.875,1,22/11/2020,120,1,Materials,White,3.17,1,1,10,0,ByBirth,245,1
23/11/2020,1,21.83,0.25,1,23/11/2020,0,1,Real Estate,Black,665,1,0,0,1,ByBirth,0,1
24/11/2020,0,19.17,8.585,1,24/11/2020,96,1,InformationTechnology,Black,0.75,1,1,7,0,ByBirth,0,1
25/11/2020,1,25.0,11.25,1,25/11/2020,200,1,Energy,White,2.5,1,1,17,0,ByBirth,1208,1
26/11/2020,1,23.25,1.0,1,26/11/2020,300,1,Energy,White,835,1,0,0,0,ByOtherMeans,0,1
27/11/2020,0,47.75,8.0,1,27/11/2020,0,1,Energy,White,7.875,1,1,6,1,ByBirth,1260,1
28/11/2020,0,27.42,14.5,1,28/11/2020,120,1,Utilities,Black,3.085,1,1,1,0,ByBirth,11,1
29/11/2020,0,41.17,6.5,1,29/11/2020,145,1,Materials,White,0.5,1,1,3,1,ByBirth,0,1
30/11/2020,0,15.83,585,1,30/11/2020,100,1,Energy,Black,1.5,1,1,2,0,ByBirth,0,1
01/12/2020,0,47.0,13.0,1,01/12/2020,0,1,ConsumerDiscretionary,Asian,5.165,1,1,9,1,ByBirth,0,1
02/12/2020,1,56.58,18.5,1,02/12/2020,0,1,Real Estate,Asian,15.0,1,1,17,1,ByBirth,0,1
03/12/2020,1,57.42,8.5,1,03/12/2020,0,1,Education,Black,7.0,1,1,3,0,ByBirth,0,1
04/12/2020,1,42.08,01.04,1,04/12/2020,500,1,Industrials,White,5.0,1,1,6,1,ByBirth,10000,1
05/12/2020,1,29.25,14.79,1,05/12/2020,168,1,ConsumerStaples,White,05.04,1,1,5,1,ByBirth,0,1
06/12/2020,1,42.0,9.79,1,06/12/2020,0,1,Utilities,Black,7.96,1,1,8,0,ByBirth,0,1
07/12/2020,1,49.5,7.585,1,07/12/2020,0,1,ConsumerDiscretionary,Asian,7.585,1,1,15,1,ByBirth,5000,1
08/12/2020,0,36.75,5.125,1,08/12/2020,0,1,Education,White,5.0,1,0,0,1,ByBirth,4000,1
09/12/2020,0,22.58,10.75,1,09/12/2020,0,1,Materials,White,415,1,1,5,1,ByBirth,560,1
09/12/2020,1,27.83,1.5,1,09/12/2020,434,1,Industrials,White,2.0,1,1,11,1,ByBirth,35,1
09/12/2020,1,27.25,1.585,1,09/12/2020,583,1,InformationTechnology,Black,1.835,1,1,12,1,ByBirth,713,1
09/12/2020,0,23.0,11.75,1,09/12/2020,300,1,Utilities,Black,0.5,1,1,2,1,ByBirth,551,1
09/12/2020,1,27.75,585,0,09/12/2020,260,0,InformationTechnology,White,0.25,1,1,2,0,ByBirth,500,1
09/12/2020,1,54.58,9.415,1,09/12/2020,30,1,Healthcare,Latino,14.415,1,1,11,1,ByBirth,300,1
09/12/2020,1,34.17,9.17,1,09/12/2020,0,1,Energy,White,4.5,1,1,12,1,ByBirth,221,1
09/12/2020,1,28.92,15.0,1,09/12/2020,0,1,Energy,Black,5.335,1,1,11,0,ByBirth,2283,1
17/12/2020,1,29.67,1.415,1,17/12/2020,240,1,Industrials,Black,0.75,1,1,1,0,ByBirth,100,1
18/12/2020,1,39.58,13.915,1,18/12/2020,70,1,Industrials,White,8.625,1,1,6,1,ByBirth,0,1
19/12/2020,1,56.42,28.0,0,19/12/2020,0,0,Energy,White,28.5,1,1,40,0,ByBirth,15,1
20/12/2020,1,54.33,6.75,1,20/12/2020,0,1,Energy,Black,2.625,1,1,11,1,ByBirth,284,1
21/12/2020,0,41.0,02.04,0,21/12/2020,455,0,Materials,Black,125,1,1,23,1,ByBirth,1236,1
22/12/2020,1,31.92,4.46,1,22/12/2020,311,1,InformationTechnology,Black,06.04,1,1,3,0,ByBirth,300,1
23/12/2020,1,41.5,1.54,1,23/12/2020,216,1,ConsumerDiscretionary,Asian,3.5,0,0,0,0,ByBirth,0,1
24/12/2020,1,23.92,665,1,24/12/2020,100,1,Energy,White,165,0,0,0,0,ByBirth,0,1
25/12/2020,0,25.75,0.5,1,25/12/2020,491,1,Energy,Black,875,1,0,0,1,ByBirth,0,1
26/12/2020,1,26.0,1.0,1,26/12/2020,280,1,Materials,White,1.75,1,0,0,1,ByBirth,0,1
27/12/2020,1,37.42,02.04,1,27/12/2020,400,1,Industrials,White,0.04,1,0,0,1,ByBirth,5800,1
28/12/2020,1,34.92,2.5,1,28/12/2020,239,1,Industrials,White,0.0,1,0,0,1,ByBirth,200,1
29/12/2020,1,34.25,3.0,1,29/12/2020,0,1,InformationTechnology,Black,7.415,1,0,0,1,ByBirth,0,1
30/12/2020,1,23.33,11.625,0,30/12/2020,160,0,Industrials,White,835,1,0,0,1,ByBirth,300,1
31/12/2020,1,23.17,0.0,1,31/12/2020,0,1,InformationTechnology,White,85,1,0,0,0,ByBirth,0,1
01/01/2021,1,44.33,0.5,1,01/01/2021,320,1,ConsumerDiscretionary,Black,5.0,1,0,0,1,ByBirth,0,1
04/01/2021,1,35.17,4.5,1,04/01/2021,711,1,Utilities,Black,5.75,0,0,0,1,ByOtherMeans,0,1
04/01/2021,1,43.25,3.0,1,04/01/2021,80,1,Materials,Black,6.0,1,1,11,0,ByBirth,0,1
04/01/2021,1,56.75,12.25,1,04/01/2021,200,1,CommunicationServices,White,1.25,1,1,4,1,ByBirth,0,1
04/01/2021,1,31.67,16.165,1,04/01/2021,250,1,Real Estate,White,3.0,1,1,9,0,ByBirth,730,1
04/01/2021,0,23.42,0.79,0,04/01/2021,80,0,Materials,White,1.5,1,1,2,1,ByBirth,400,1
04/01/2021,0,20.42,835,1,04/01/2021,0,1,Materials,White,1.585,1,1,1,0,ByBirth,0,1
04/01/2021,1,26.67,4.25,1,04/01/2021,120,1,InformationTechnology,White,4.29,1,1,1,1,ByBirth,0,1
04/01/2021,1,34.17,1.54,1,04/01/2021,520,1,InformationTechnology,White,1.54,1,1,1,1,ByBirth,50000,1
10/01/2021,0,36.0,1.0,1,10/01/2021,0,1,Energy,White,2.0,1,1,11,0,ByBirth,456,1
10/01/2021,1,25.5,375,1,10/01/2021,260,1,CommunicationServices,White,0.25,1,1,3,0,ByBirth,15108,1
10/01/2021,1,19.42,6.5,1,10/01/2021,80,1,Industrials,Black,1.46,1,1,7,0,ByBirth,2954,1
10/01/2021,1,35.17,25.125,1,10/01/2021,515,1,Utilities,Black,1.625,1,1,1,1,ByBirth,500,1
10/01/2021,1,32.33,7.5,1,10/01/2021,420,1,Education,Asian,1.585,1,0,0,1,ByOtherMeans,0,0
15/01/2021,1,34.83,4.0,1,15/01/2021,0,1,Real Estate,Asian,12.5,1,0,0,1,ByBirth,0,0
16/01/2021,0,38.58,5.0,1,16/01/2021,980,1,InformationTechnology,White,13.5,1,0,0,1,ByBirth,0,0
17/01/2021,1,44.25,0.5,1,17/01/2021,400,1,CommunicationServices,White,10.75,1,0,0,0,ByOtherMeans,0,0
18/01/2021,1,44.83,7.0,0,18/01/2021,160,0,Energy,White,1.625,0,0,0,0,ByBirth,2,0
19/01/2021,1,20.67,5.29,1,19/01/2021,160,1,Materials,White,375,1,1,1,0,ByBirth,0,0
20/01/2021,1,34.08,6.5,1,20/01/2021,443,1,ConsumerStaples,White,125,1,0,0,1,ByBirth,0,0
21/01/2021,0,19.17,585,0,21/01/2021,160,0,ConsumerStaples,White,585,1,0,0,1,ByBirth,0,0
22/01/2021,1,21.67,1.165,0,22/01/2021,180,0,Financials,White,2.5,1,1,1,0,ByBirth,20,0
23/01/2021,1,21.5,9.75,1,23/01/2021,140,1,Energy,White,0.25,1,0,0,0,ByBirth,0,0
24/01/2021,1,49.58,19.0,1,24/01/2021,94,1,Healthcare,Latino,0.0,1,1,1,0,ByBirth,0,0
25/01/2021,0,27.67,1.5,1,25/01/2021,368,1,CommunicationServices,White,2.0,1,0,0,0,ByOtherMeans,0,0
24/01/2021,1,39.83,0.5,1,24/01/2021,288,1,CommunicationServices,White,0.25,1,0,0,0,ByOtherMeans,0,0
24/01/2021,0,28.46,3.5,1,24/01/2021,300,1,Real Estate,White,3.0,1,0,0,1,ByBirth,0,0
24/01/2021,1,27.25,625,1,24/01/2021,200,1,ConsumerStaples,White,455,1,0,0,1,ByBirth,0,0
24/01/2021,1,37.17,4.0,1,24/01/2021,280,1,Energy,Asian,5.0,1,0,0,1,ByOtherMeans,0,0
24/01/2021,1,28.46,375,1,24/01/2021,928,1,Real Estate,White,875,1,0,0,1,ByOtherMeans,0,0
24/01/2021,1,25.67,2.21,0,24/01/2021,188,0,ConsumerStaples,White,4.0,1,0,0,0,ByBirth,0,0
24/01/2021,1,34.0,4.5,1,24/01/2021,240,1,ConsumerStaples,White,1.0,1,0,0,1,ByBirth,0,0
24/01/2021,0,49.0,1.5,1,24/01/2021,100,1,Research,Other,0.0,1,0,0,1,ByBirth,27,0
24/01/2021,1,62.5,12.75,0,24/01/2021,112,0,Energy,Black,5.0,1,0,0,0,ByBirth,0,0
24/01/2021,1,31.42,15.5,1,24/01/2021,120,1,Energy,White,0.5,1,0,0,0,ByBirth,0,0
05/02/2021,1,28.46,5.0,0,05/02/2021,0,0,ConsumerStaples,White,8.5,1,0,0,0,ByBirth,0,0
06/02/2021,1,52.33,1.375,0,06/02/2021,200,0,Energy,Black,9.46,1,0,0,1,ByBirth,100,0
07/02/2021,1,28.75,1.5,0,07/02/2021,0,0,Energy,White,1.5,1,0,0,1,ByBirth,225,0
08/02/2021,0,28.58,3.54,1,08/02/2021,171,1,ConsumerDiscretionary,Asian,0.5,1,0,0,1,ByBirth,0,0
09/02/2021,1,23.0,625,0,09/02/2021,180,0,ConsumerStaples,White,125,1,0,0,0,ByBirth,1,0
10/02/2021,1,28.46,0.5,1,10/02/2021,320,1,Energy,Asian,835,1,0,0,1,ByOtherMeans,0,0
20/02/2021,0,22.5,11.0,0,20/02/2021,268,0,Materials,White,3.0,1,0,0,1,ByBirth,0,0
20/02/2021,0,28.5,1.0,1,20/02/2021,167,1,Materials,White,1.0,1,1,2,1,ByBirth,500,0
20/02/2021,1,37.5,1.75,0,20/02/2021,164,0,Energy,Asian,0.25,1,0,0,1,ByBirth,400,0
20/02/2021,1,35.25,16.5,0,20/02/2021,80,0,Energy,White,4.0,1,0,0,0,ByBirth,0,0
20/02/2021,1,18.67,5.0,1,20/02/2021,0,1,Materials,White,375,1,1,2,0,ByBirth,38,0
20/02/2021,1,25.0,12.0,1,20/02/2021,120,1,Financials,White,2.25,1,1,2,1,ByBirth,5,0
20/02/2021,1,27.83,4.0,0,20/02/2021,75,0,ConsumerDiscretionary,Black,5.75,1,1,2,1,ByBirth,0,0
20/02/2021,1,54.83,15.5,1,20/02/2021,152,1,Education,Other,0.0,1,1,20,0,ByBirth,130,0
20/02/2021,1,28.75,1.165,1,20/02/2021,280,1,Financials,White,0.5,1,0,0,0,ByOtherMeans,0,0
20/02/2021,0,25.0,11.0,0,20/02/2021,120,0,ConsumerStaples,White,4.5,1,0,0,0,ByBirth,0,0
21/02/2021,1,40.92,2.25,0,21/02/2021,176,0,Utilities,Black,10.0,1,0,0,1,ByBirth,0,0
22/02/2021,0,19.75,0.75,1,22/02/2021,140,1,Energy,White,795,1,1,5,1,ByBirth,5,0
23/02/2021,1,29.17,3.5,1,23/02/2021,329,1,Industrials,White,3.5,1,1,3,1,ByBirth,0,0
24/02/2021,0,24.5,01.04,0,24/02/2021,180,0,Healthcare,Latino,0.5,1,1,3,0,ByBirth,147,0
25/02/2021,1,24.58,12.5,1,25/02/2021,260,1,Industrials,White,875,1,0,0,1,ByBirth,0,0
26/02/2021,0,33.75,0.75,1,26/02/2021,212,1,Financials,Asian,1.0,1,1,3,1,ByBirth,0,0
27/02/2021,1,20.67,1.25,0,27/02/2021,140,0,Energy,Black,1.375,1,1,3,1,ByBirth,210,0
28/02/2021,0,25.42,1.125,1,28/02/2021,200,1,Materials,White,1.29,1,1,2,0,ByBirth,0,0
01/03/2021,1,37.75,7.0,1,01/03/2021,300,1,Materials,Black,11.5,1,1,7,1,ByBirth,5,0
02/03/2021,1,52.5,6.5,1,02/03/2021,0,1,Financials,White,6.29,1,1,15,0,ByBirth,11202,1
03/03/2021,1,57.83,07.04,1,03/03/2021,360,1,CommunicationServices,White,14.0,1,1,6,1,ByBirth,1332,1
04/03/2021,0,20.75,10.335,1,04/03/2021,80,1,InformationTechnology,Black,335,1,1,1,1,ByBirth,50,1
11/03/2021,1,39.92,6.21,1,11/03/2021,200,1,Materials,White,0.04,1,1,1,0,ByBirth,300,1
11/03/2021,1,25.67,12.5,1,11/03/2021,140,1,InformationTechnology,White,1.21,1,1,67,1,ByBirth,258,1
11/03/2021,0,24.75,12.5,1,11/03/2021,120,1,ConsumerStaples,White,1.5,1,1,12,1,ByBirth,567,1
11/03/2021,0,44.17,6.665,1,11/03/2021,0,1,Materials,White,7.375,1,1,3,1,ByBirth,0,1
11/03/2021,0,23.5,9.0,1,11/03/2021,120,1,Materials,White,8.5,1,1,5,1,ByBirth,0,1
11/03/2021,1,34.92,5.0,1,11/03/2021,0,1,Utilities,Black,7.5,1,1,6,1,ByBirth,1000,1
11/03/2021,1,47.67,2.5,1,11/03/2021,410,1,CommunicationServices,Asian,2.5,1,1,12,1,ByBirth,2510,1
12/03/2021,1,22.75,11.0,1,12/03/2021,100,1,Materials,White,2.5,1,1,7,1,ByBirth,809,1
13/03/2021,1,34.42,4.25,1,13/03/2021,274,1,ConsumerDiscretionary,Asian,3.25,1,1,2,0,ByBirth,610,1
14/03/2021,0,28.42,3.5,1,14/03/2021,280,1,Industrials,White,835,1,0,0,0,ByOtherMeans,0,1
15/03/2021,1,67.75,5.5,1,15/03/2021,0,1,Education,Other,13.0,1,1,1,1,ByBirth,0,1
16/03/2021,1,20.42,1.835,1,16/03/2021,100,1,Energy,White,2.25,1,1,1,0,ByBirth,150,1
17/03/2021,0,47.42,8.0,1,17/03/2021,375,1,Education,Asian,6.5,1,1,6,0,ByBirth,51100,1
18/03/2021,1,36.25,5.0,1,18/03/2021,0,1,Energy,Asian,2.5,1,1,6,0,ByBirth,367,1
19/03/2021,1,32.67,5.5,1,19/03/2021,408,1,Materials,Black,5.5,1,1,12,1,ByBirth,1000,1
20/03/2021,1,48.58,6.5,1,20/03/2021,350,1,Materials,Black,6.0,1,0,0,1,ByBirth,0,1
21/03/2021,1,39.92,0.54,0,21/03/2021,200,0,ConsumerStaples,White,0.5,1,1,3,0,ByBirth,1000,1
22/03/2021,1,33.58,2.75,1,22/03/2021,204,1,CommunicationServices,White,4.25,1,1,6,0,ByBirth,0,1
23/03/2021,0,18.83,9.5,1,23/03/2021,40,1,Industrials,White,1.625,1,1,6,1,ByBirth,600,1
24/03/2021,0,26.92,13.5,1,24/03/2021,0,1,Materials,Black,5.0,1,1,2,0,ByBirth,5000,1
25/03/2021,0,31.25,3.75,1,25/03/2021,181,1,InformationTechnology,Black,625,1,1,9,1,ByBirth,0,1
26/03/2021,0,56.5,16.0,1,26/03/2021,0,1,Research,Latino,0.0,1,1,15,0,ByBirth,247,1
26/03/2021,1,43.0,0.29,0,26/03/2021,100,0,InformationTechnology,Black,1.75,1,1,8,0,ByBirth,375,1
26/03/2021,1,22.33,11.0,1,26/03/2021,80,1,Industrials,White,2.0,1,1,1,0,ByBirth,278,1
26/03/2021,1,27.25,1.665,1,26/03/2021,399,1,InformationTechnology,Black,5.085,1,1,9,0,ByBirth,827,1
30/03/2021,1,32.83,2.5,1,30/03/2021,160,1,InformationTechnology,Black,2.75,1,1,6,0,ByBirth,2072,1
31/03/2021,1,23.25,1.5,1,31/03/2021,0,1,Materials,White,2.375,1,1,3,1,ByBirth,582,1
01/04/2021,0,40.33,7.54,0,01/04/2021,0,0,Materials,Black,8.0,1,1,14,0,ByBirth,2300,1
02/04/2021,0,30.5,6.5,1,02/04/2021,0,1,Energy,Asian,4.0,1,1,7,1,ByBirth,3065,1
03/04/2021,0,52.83,15.0,1,03/04/2021,0,1,Energy,White,5.5,1,1,14,0,ByBirth,2200,1
04/04/2021,0,46.67,0.46,1,04/04/2021,440,1,InformationTechnology,Black,415,1,1,11,1,ByBirth,6,1
05/04/2021,0,58.33,10.0,1,05/04/2021,0,1,Materials,White,4.0,1,1,14,0,ByBirth,1602,1
06/04/2021,1,37.33,6.5,1,06/04/2021,93,1,CommunicationServices,Black,4.25,1,1,12,1,ByBirth,0,1
07/04/2021,1,23.08,2.5,1,07/04/2021,60,1,Energy,White,1.085,1,1,11,1,ByBirth,2184,1
08/04/2021,1,32.75,1.5,1,08/04/2021,0,1,InformationTechnology,Black,5.5,1,1,3,1,ByBirth,0,1
09/04/2021,0,21.67,11.5,0,09/04/2021,0,0,Research,Other,0.0,1,1,11,1,ByBirth,0,1
10/04/2021,0,28.5,03.04,0,10/04/2021,70,0,Utilities,Black,2.54,1,1,1,0,ByBirth,0,1
11/04/2021,0,68.67,15.0,1,11/04/2021,0,1,Education,Other,0.0,1,1,14,0,ByBirth,3376,1
12/04/2021,1,28.0,2.0,1,12/04/2021,181,1,Financials,Black,4.165,1,1,2,1,ByBirth,0,1
13/04/2021,1,34.08,0.08,0,13/04/2021,280,0,CommunicationServices,Asian,0.04,1,1,1,1,ByBirth,2000,1
14/04/2021,1,27.67,2.0,1,14/04/2021,140,1,Utilities,Black,1.0,1,1,4,0,ByBirth,7544,1
15/04/2021,1,44.0,2.0,1,15/04/2021,0,1,CommunicationServices,White,1.75,1,1,2,1,ByBirth,15,1
16/04/2021,1,25.08,1.71,1,16/04/2021,395,1,Utilities,White,1.665,1,1,1,1,ByBirth,20,1
17/04/2021,1,32.0,1.75,0,17/04/2021,393,0,Education,Black,0.04,1,0,0,1,ByBirth,0,1
25/04/2021,0,60.58,16.5,1,25/04/2021,21,1,Materials,White,11.0,1,0,0,1,ByBirth,10561,1
25/04/2021,0,40.83,10.0,1,25/04/2021,29,1,Materials,Black,1.75,1,0,0,0,ByBirth,837,1
25/04/2021,1,19.33,9.5,1,25/04/2021,60,1,Materials,White,1.0,1,0,0,1,ByBirth,400,1
25/04/2021,0,32.33,0.54,1,25/04/2021,440,1,InformationTechnology,White,0.04,1,0,0,0,ByBirth,11177,1
25/04/2021,1,36.67,3.25,1,25/04/2021,102,1,Materials,Black,9.0,1,0,0,1,ByBirth,639,1
25/04/2021,1,37.5,1.125,0,25/04/2021,431,0,Real Estate,White,1.5,0,0,0,1,ByBirth,0,1
25/04/2021,0,25.08,2.54,0,25/04/2021,370,0,ConsumerStaples,White,0.25,1,0,0,1,ByBirth,0,1
25/04/2021,1,41.33,0.0,1,25/04/2021,0,1,Energy,Asian,15.0,1,0,0,0,ByBirth,0,1
26/04/2021,1,56.0,12.5,1,26/04/2021,24,1,Financials,Black,8.0,1,0,0,1,ByBirth,2028,1
27/04/2021,0,49.83,13.585,1,27/04/2021,0,1,Financials,Black,8.5,1,0,0,1,ByBirth,0,1
28/04/2021,1,22.67,10.5,1,28/04/2021,100,1,Materials,Black,1.335,1,0,0,0,ByBirth,0,1
29/04/2021,1,27.0,1.5,0,29/04/2021,260,0,Industrials,White,375,1,0,0,1,ByBirth,1065,1
30/04/2021,1,25.0,12.5,1,30/04/2021,20,1,ConsumerStaples,White,3.0,1,0,0,1,ByOtherMeans,0,1
01/05/2021,0,26.08,8.665,1,01/05/2021,160,1,ConsumerStaples,White,1.415,1,0,0,0,ByBirth,150,1
02/05/2021,0,18.42,9.25,1,02/05/2021,60,1,Materials,White,1.21,1,1,4,0,ByBirth,540,1
03/05/2021,1,20.17,8.17,1,03/05/2021,60,1,ConsumerStaples,White,1.96,1,1,14,0,ByBirth,158,1
04/05/2021,1,47.67,0.29,1,04/05/2021,0,1,Energy,Asian,15.0,1,1,20,0,ByBirth,15000,1
19/05/2021,0,21.25,2.335,1,19/05/2021,80,1,ConsumerDiscretionary,Asian,0.5,1,1,4,0,ByOtherMeans,0,1
19/05/2021,0,20.67,3.0,1,19/05/2021,100,1,Materials,White,165,1,1,3,0,ByBirth,6,1
19/05/2021,0,57.08,19.5,1,19/05/2021,0,1,Energy,White,5.5,1,1,7,0,ByBirth,3000,1
19/05/2021,0,22.42,5.665,1,19/05/2021,129,1,Materials,White,2.585,1,1,7,0,ByBirth,3257,1
19/05/2021,1,48.75,8.5,1,19/05/2021,181,1,Energy,Black,12.5,1,1,9,0,ByBirth,1655,1
19/05/2021,1,40.0,6.5,1,19/05/2021,0,1,ConsumerStaples,Asian,3.5,1,1,1,0,ByBirth,500,1
19/05/2021,1,40.58,5.0,1,19/05/2021,0,1,Energy,White,5.0,1,1,7,0,ByBirth,3065,1
19/05/2021,0,28.67,01.04,1,19/05/2021,300,1,Energy,White,2.5,1,1,5,1,ByBirth,1430,1
19/05/2021,0,33.08,4.625,1,19/05/2021,0,1,Materials,Black,1.625,1,1,2,0,ByBirth,0,1
19/05/2021,1,21.33,10.5,1,19/05/2021,0,1,Energy,White,3.0,1,0,0,1,ByBirth,0,1
19/05/2021,1,42.0,205,1,19/05/2021,400,1,ConsumerDiscretionary,Black,5.125,1,0,0,0,ByBirth,0,1
19/05/2021,1,41.75,0.96,1,19/05/2021,510,1,Utilities,White,2.5,1,0,0,0,ByBirth,600,1
19/05/2021,1,22.67,1.585,0,19/05/2021,80,0,Industrials,White,3.085,1,1,6,0,ByBirth,0,1
19/05/2021,1,34.5,04.04,0,19/05/2021,195,0,ConsumerDiscretionary,Asian,8.5,1,1,7,1,ByBirth,0,1
19/05/2021,1,28.25,05.04,0,19/05/2021,144,0,Energy,Asian,1.5,1,1,8,1,ByBirth,7,1
20/05/2021,1,33.17,3.165,0,20/05/2021,380,0,Utilities,White,3.165,1,1,3,1,ByBirth,0,1
21/05/2021,1,48.17,7.625,1,21/05/2021,0,1,Industrials,Black,15.5,1,1,12,0,ByBirth,790,1
22/05/2021,1,27.58,02.04,0,22/05/2021,370,0,ConsumerStaples,White,2.0,1,1,3,1,ByBirth,560,1
23/05/2021,1,22.58,10.04,1,23/05/2021,60,1,Utilities,White,0.04,1,1,9,0,ByBirth,396,1
24/05/2021,0,24.08,0.5,1,24/05/2021,0,1,Materials,Black,1.25,1,1,1,0,ByBirth,678,1
24/05/2021,0,41.33,1.0,1,24/05/2021,0,1,ConsumerDiscretionary,Asian,2.25,1,0,0,1,ByBirth,300,1
24/05/2021,1,24.83,2.75,1,24/05/2021,0,1,Energy,White,2.25,1,1,6,0,ByBirth,600,1
24/05/2021,0,20.75,10.25,1,24/05/2021,49,1,Materials,White,0.71,1,1,2,1,ByBirth,0,1
24/05/2021,1,36.33,2.125,0,24/05/2021,50,0,Industrials,White,85,1,1,1,0,ByBirth,1187,1
24/05/2021,0,35.42,12.0,1,24/05/2021,0,1,Materials,Black,14.0,1,1,8,0,ByBirth,6590,1
24/05/2021,0,71.58,0.0,1,24/05/2021,0,1,Energy,White,0.0,0,0,0,0,Temporary,0,1
24/05/2021,1,28.67,9.335,1,24/05/2021,381,1,Materials,Black,5.665,1,1,6,0,ByBirth,168,1
24/05/2021,1,35.17,2.5,1,24/05/2021,150,1,Financials,White,4.5,1,1,7,0,ByBirth,1270,1
24/05/2021,1,39.5,4.25,1,24/05/2021,117,1,Energy,Asian,6.5,1,1,16,0,ByBirth,1210,1
24/05/2021,1,39.33,5.875,1,24/05/2021,399,1,InformationTechnology,Black,10.0,1,1,14,1,ByBirth,0,1
24/05/2021,1,24.33,6.625,0,24/05/2021,100,0,Real Estate,White,5.5,1,0,0,1,ByOtherMeans,0,1
24/05/2021,1,60.08,14.5,1,24/05/2021,0,1,Healthcare,Latino,18.0,1,1,15,1,ByBirth,1000,1
24/05/2021,1,23.08,11.5,1,24/05/2021,56,1,ConsumerDiscretionary,White,3.5,1,1,9,0,ByBirth,742,1
24/05/2021,1,26.67,2.71,0,24/05/2021,211,0,InformationTechnology,White,5.25,1,1,1,0,ByBirth,0,1
24/05/2021,1,48.17,3.5,1,24/05/2021,230,1,ConsumerStaples,White,3.5,1,0,0,0,ByOtherMeans,0,1
09/06/2021,1,41.17,04.04,1,09/06/2021,320,1,InformationTechnology,Black,7.0,1,1,8,0,ByBirth,0,1
10/06/2021,1,55.92,11.5,1,10/06/2021,0,1,Healthcare,Latino,5.0,1,1,5,0,ByBirth,8851,1
11/06/2021,1,53.92,9.625,1,11/06/2021,0,1,Education,White,8.665,1,1,5,0,ByBirth,0,1
12/06/2021,0,18.92,9.25,0,12/06/2021,80,0,Energy,White,1.0,1,1,4,1,ByBirth,500,1
13/06/2021,0,50.08,12.54,1,13/06/2021,156,1,ConsumerStaples,White,2.29,1,1,3,1,ByBirth,0,1
14/06/2021,1,65.42,11.0,1,14/06/2021,22,1,Education,Other,20.0,1,1,7,1,ByBirth,0,1
15/06/2021,0,17.58,9.0,1,15/06/2021,0,1,ConsumerStaples,White,1.375,1,0,0,1,ByBirth,0,1
16/06/2021,0,18.83,9.54,1,16/06/2021,100,1,ConsumerStaples,White,85,1,0,0,0,ByBirth,0,1
17/06/2021,0,37.75,5.5,1,17/06/2021,228,1,Materials,White,125,1,0,0,1,ByBirth,0,1
18/06/2021,1,23.25,4.0,1,18/06/2021,160,1,Energy,Asian,0.25,1,0,0,1,ByBirth,0,1
19/06/2021,1,18.08,5.5,1,19/06/2021,80,1,Financials,White,0.5,1,0,0,0,ByBirth,0,1
20/06/2021,0,22.5,8.46,0,20/06/2021,164,0,Utilities,White,2.46,0,0,0,0,ByBirth,0,1
21/06/2021,1,19.67,375,1,21/06/2021,80,1,Materials,White,2.0,1,1,2,1,ByBirth,0,1
22/06/2021,1,22.08,11.0,1,22/06/2021,100,1,InformationTechnology,White,665,1,0,0,0,ByBirth,0,1
23/06/2021,1,25.17,3.5,1,23/06/2021,0,1,InformationTechnology,White,625,1,1,7,0,ByBirth,7059,1
24/06/2021,0,47.42,3.0,1,24/06/2021,519,1,Utilities,White,13.875,1,1,2,1,ByBirth,1704,1
25/06/2021,1,33.5,1.75,1,25/06/2021,253,1,Utilities,Black,4.5,1,1,4,1,ByBirth,857,1
26/06/2021,1,27.67,13.75,1,26/06/2021,487,1,Industrials,White,5.75,1,0,0,1,ByBirth,500,1
27/06/2021,0,58.42,21.0,1,27/06/2021,0,1,ConsumerDiscretionary,Asian,10.0,1,1,13,0,ByBirth,6700,1
28/06/2021,0,20.67,1.835,1,28/06/2021,220,1,Materials,White,2.085,1,1,5,0,ByBirth,2503,1
29/06/2021,1,26.17,0.25,1,29/06/2021,0,1,ConsumerDiscretionary,Asian,0.0,1,0,0,1,ByBirth,0,1
30/06/2021,1,21.33,7.5,1,30/06/2021,80,1,ConsumerStaples,White,1.415,1,1,1,0,ByBirth,9800,1
01/07/2021,1,42.83,4.625,1,01/07/2021,0,1,Materials,White,4.58,1,0,0,0,ByOtherMeans,0,1
02/07/2021,1,38.17,10.125,1,02/07/2021,520,1,Utilities,White,2.5,1,1,6,0,ByBirth,196,1
03/07/2021,1,20.5,10.0,0,03/07/2021,40,0,Energy,White,2.5,1,0,0,0,ByOtherMeans,0,1
04/07/2021,1,48.25,25.085,1,04/07/2021,120,1,Industrials,White,1.75,1,1,3,0,ByBirth,14,1
05/07/2021,1,28.33,5.0,1,05/07/2021,70,1,Industrials,White,11.0,1,0,0,1,ByBirth,0,1
06/07/2021,0,18.75,7.5,1,06/07/2021,0,1,Materials,White,2.71,1,1,5,0,ByBirth,26726,1
07/07/2021,1,18.5,2.0,1,07/07/2021,120,1,ConsumerDiscretionary,White,1.5,1,1,2,0,ByBirth,300,1
08/07/2021,1,33.17,03.04,0,08/07/2021,180,0,Energy,Black,02.04,1,1,1,1,ByBirth,18027,1
09/07/2021,1,45.0,8.5,1,09/07/2021,88,1,InformationTechnology,Black,14.0,1,1,1,1,ByBirth,2000,1
10/07/2021,0,19.67,0.21,1,10/07/2021,80,1,Materials,Black,0.29,1,1,11,0,ByBirth,99,1
11/07/2021,1,24.5,12.75,1,11/07/2021,73,1,Energy,Asian,4.75,1,1,2,0,ByBirth,444,1
12/07/2021,1,21.83,11.0,1,12/07/2021,121,1,Utilities,White,0.29,1,1,6,0,ByBirth,0,1
13/07/2021,1,40.25,21.5,1,13/07/2021,0,1,Education,Other,20.0,1,1,11,0,ByBirth,1200,1
14/07/2021,1,41.42,5.0,1,14/07/2021,470,1,Materials,Black,5.0,1,1,6,1,ByBirth,0,1
15/07/2021,0,17.83,11.0,1,15/07/2021,0,1,Utilities,Black,1.0,1,1,11,0,ByBirth,3000,1
16/07/2021,1,23.17,11.125,1,16/07/2021,100,1,Utilities,Black,0.46,1,1,1,0,ByBirth,0,1
17/07/2021,1,28.46,625,1,17/07/2021,380,1,Financials,White,0.25,0,0,0,0,ByBirth,2010,0
18/07/2021,1,18.17,10.25,1,18/07/2021,320,1,Energy,Black,1.085,0,0,0,0,ByBirth,13,0
19/07/2021,1,20.0,11.045,1,19/07/2021,136,1,Energy,White,2.0,0,0,0,1,ByBirth,0,0
20/07/2021,1,20.0,0.0,1,20/07/2021,144,1,Real Estate,White,0.5,0,0,0,0,ByBirth,0,0
21/07/2021,0,20.75,9.54,1,21/07/2021,200,1,ConsumerDiscretionary,White,0.04,0,0,0,0,ByBirth,1000,0
22/07/2021,0,24.5,1.75,0,22/07/2021,132,0,Energy,White,165,0,0,0,0,ByBirth,0,0
23/07/2021,1,32.75,2.335,1,23/07/2021,292,1,Real Estate,Black,5.75,0,0,0,1,ByBirth,0,0
24/07/2021,0,52.17,0.0,0,24/07/2021,0,0,Healthcare,Latino,0.0,0,0,0,0,ByBirth,0,0
25/07/2021,0,48.17,1.335,1,25/07/2021,0,1,ConsumerDiscretionary,Other,335,0,0,0,0,ByBirth,120,0
26/07/2021,0,20.42,10.5,0,26/07/2021,154,0,Utilities,Black,0.0,0,0,0,1,ByBirth,32,0
27/07/2021,1,50.75,585,1,27/07/2021,145,1,Healthcare,Latino,0.0,0,0,0,0,ByBirth,0,0
28/07/2021,1,17.08,85,0,28/07/2021,140,0,Energy,White,0.04,0,0,0,0,ByBirth,722,0
29/07/2021,1,18.33,1.21,0,29/07/2021,100,0,Education,Other,0.0,0,0,0,0,ByBirth,0,0
30/07/2021,0,32.0,6.0,1,30/07/2021,272,1,Real Estate,White,1.25,0,0,0,0,ByBirth,0,0
31/07/2021,1,59.67,1.54,1,31/07/2021,260,1,Materials,White,125,1,0,0,1,ByBirth,0,1
01/08/2021,1,18.0,165,1,01/08/2021,200,1,Materials,Other,0.21,0,0,0,0,ByBirth,40,1
02/08/2021,1,37.58,0.0,1,02/08/2021,0,1,Energy,White,0.0,0,0,0,0,Temporary,0,1
03/08/2021,1,32.33,2.5,1,03/08/2021,280,1,Energy,White,1.25,0,0,0,1,ByBirth,0,0
04/08/2021,1,18.08,6.75,0,04/08/2021,140,0,CommunicationServices,White,0.04,0,0,0,0,ByBirth,0,0
05/08/2021,1,38.25,10.125,0,05/08/2021,160,0,Financials,White,125,0,0,0,0,ByBirth,0,0
06/08/2021,1,30.67,2.5,1,06/08/2021,340,1,InformationTechnology,Black,2.25,0,0,0,1,ByOtherMeans,0,0
07/08/2021,1,18.58,5.71,1,07/08/2021,120,1,Real Estate,White,0.54,0,0,0,0,ByBirth,0,0
08/08/2021,0,19.17,5.415,1,08/08/2021,80,1,ConsumerDiscretionary,Black,0.29,0,0,0,0,ByBirth,484,0
09/08/2021,0,18.17,10.0,0,09/08/2021,340,0,Materials,Black,165,0,0,0,0,ByBirth,0,0
10/08/2021,1,24.58,13.5,0,10/08/2021,0,0,Healthcare,Latino,0.0,0,0,0,0,ByBirth,0,0
11/08/2021,1,16.25,835,1,11/08/2021,200,1,CommunicationServices,White,85,1,0,0,0,ByOtherMeans,0,0
12/08/2021,1,21.17,875,0,12/08/2021,280,0,Energy,Black,0.25,0,0,0,0,ByBirth,204,0
13/08/2021,1,23.92,585,0,13/08/2021,240,0,InformationTechnology,Black,125,0,0,0,0,ByBirth,1,0
14/08/2021,1,17.67,4.46,1,14/08/2021,80,1,Energy,White,0.25,0,0,0,0,ByOtherMeans,0,0
15/08/2021,0,16.5,1.25,1,15/08/2021,108,1,Materials,White,0.25,0,1,1,0,ByBirth,98,0
16/08/2021,1,23.25,12.625,1,16/08/2021,0,1,Energy,White,125,0,1,2,0,ByBirth,5552,0
17/08/2021,1,17.58,10.0,1,17/08/2021,120,1,Industrials,Black,165,0,1,1,0,ByBirth,1,0
18/08/2021,0,28.46,1.5,1,18/08/2021,200,1,Healthcare,Latino,0.0,0,1,2,1,ByBirth,105,0
31/08/2021,1,29.5,0.58,1,31/08/2021,340,1,Industrials,White,0.29,0,1,1,0,ByBirth,2803,0
31/08/2021,1,18.83,415,0,31/08/2021,200,0,Energy,White,165,0,1,1,0,ByBirth,1,0
31/08/2021,0,21.75,1.75,0,31/08/2021,160,0,Research,Other,0.0,0,0,0,0,ByBirth,0,0
31/08/2021,1,23.0,0.75,1,31/08/2021,320,1,CommunicationServices,White,0.5,0,0,0,1,ByOtherMeans,0,0
31/08/2021,0,18.25,10.0,1,31/08/2021,120,1,Industrials,White,1.0,0,1,1,0,ByBirth,1,0
31/08/2021,1,25.42,0.54,1,31/08/2021,272,1,Industrials,White,165,0,1,1,0,ByBirth,444,0
31/08/2021,1,35.75,2.415,1,31/08/2021,220,1,Industrials,White,125,0,1,2,0,ByBirth,1,0
31/08/2021,0,16.08,335,1,31/08/2021,160,1,Healthcare,Latino,0.0,0,1,1,0,ByBirth,126,0
31/08/2021,0,31.92,3.125,1,31/08/2021,200,1,Healthcare,Latino,03.04,0,1,2,1,ByBirth,4,0
31/08/2021,1,69.17,9.0,1,31/08/2021,70,1,Healthcare,Latino,4.0,0,1,1,0,ByBirth,6,0
31/08/2021,1,32.92,2.5,1,31/08/2021,720,1,ConsumerStaples,White,1.75,0,1,2,1,ByBirth,0,0
31/08/2021,1,16.33,2.75,1,31/08/2021,80,1,ConsumerStaples,White,665,0,1,1,0,ByBirth,21,0
31/08/2021,1,22.17,12.125,1,31/08/2021,180,1,Energy,White,3.335,0,1,2,1,ByBirth,173,0
05/11/2020,0,57.58,2.0,1,05/11/2020,0,1,Healthcare,Latino,6.5,0,1,1,0,ByBirth,10,0
02/09/2021,1,18.25,165,1,02/09/2021,280,1,Real Estate,White,0.25,0,0,0,1,ByOtherMeans,0,0
03/09/2021,1,23.42,1.0,1,03/09/2021,280,1,Energy,White,0.5,0,0,0,1,ByOtherMeans,0,0
04/09/2021,0,15.92,2.875,1,04/09/2021,120,1,Materials,White,85,0,0,0,0,ByBirth,0,0
04/09/2021,0,24.75,13.665,1,04/09/2021,280,1,Materials,Black,1.5,0,0,0,0,ByBirth,1,0
04/09/2021,1,48.75,26.335,0,04/09/2021,0,0,Healthcare,Latino,0.0,1,0,0,1,ByBirth,0,0
04/09/2021,1,23.5,2.75,1,04/09/2021,160,1,Healthcare,Latino,4.5,0,0,0,0,ByBirth,25,0
04/09/2021,1,18.58,10.29,1,04/09/2021,80,1,Healthcare,Latino,415,0,0,0,0,ByBirth,0,0
04/09/2021,1,27.75,1.29,1,04/09/2021,140,1,Financials,Black,0.25,0,0,0,1,ByOtherMeans,0,0
04/09/2021,0,31.75,3.0,0,04/09/2021,160,0,Research,Other,0.0,0,0,0,0,ByBirth,20,0
04/09/2021,0,24.83,4.5,1,04/09/2021,360,1,Industrials,White,1.0,0,0,0,1,ByBirth,6,0
04/09/2021,1,19.0,1.75,0,04/09/2021,112,0,Energy,White,2.335,0,0,0,1,ByBirth,6,0
04/09/2021,0,16.33,0.21,1,04/09/2021,200,1,ConsumerStaples,White,125,0,0,0,0,ByBirth,1,0
04/09/2021,0,18.58,10.0,1,04/09/2021,80,1,Real Estate,White,415,0,0,0,0,ByBirth,42,0
04/09/2021,1,16.25,0.0,0,04/09/2021,60,0,ConsumerStaples,White,0.25,0,0,0,0,ByBirth,0,0
04/09/2021,1,23.0,0.75,1,04/09/2021,320,1,CommunicationServices,White,0.5,1,0,0,1,ByOtherMeans,0,0
04/09/2021,1,21.17,0.25,0,04/09/2021,280,0,Energy,Black,0.25,0,0,0,0,ByBirth,204,0
04/09/2021,1,17.5,22.0,0,04/09/2021,450,1,Healthcare,Other,0.0,0,0,0,1,Temporary,100000,1
04/09/2021,1,19.17,0.0,0,04/09/2021,500,0,CommunicationServices,Asian,0.0,0,0,0,1,ByOtherMeans,1,1
04/09/2021,1,36.75,125,0,04/09/2021,232,0,Energy,White,1.5,0,0,0,1,ByBirth,113,1
21/09/2021,1,21.25,1.5,1,21/09/2021,150,1,Industrials,White,1.5,0,0,0,0,ByBirth,8,1
22/09/2021,0,18.08,375,0,22/09/2021,300,1,InformationTechnology,Latino,10.0,0,0,0,1,ByOtherMeans,0,1
23/09/2021,0,33.67,375,1,23/09/2021,300,1,InformationTechnology,White,375,0,0,0,0,ByBirth,44,1
24/09/2021,1,48.58,205,0,24/09/2021,380,0,Financials,White,0.25,1,1,11,0,ByBirth,2732,1
25/09/2021,1,33.67,1.25,1,25/09/2021,120,1,Industrials,White,1.165,0,0,0,0,ByBirth,0,0
26/09/2021,0,29.5,1.085,0,26/09/2021,280,0,Utilities,White,1.0,0,0,0,0,ByBirth,13,0
27/09/2021,1,30.17,1.085,0,27/09/2021,170,0,Energy,White,0.04,0,0,0,0,ByBirth,179,0
28/09/2021,1,40.83,3.5,1,28/09/2021,1160,1,ConsumerDiscretionary,Asian,0.5,0,0,0,0,ByOtherMeans,0,0
29/09/2021,1,34.83,2.5,0,29/09/2021,200,0,Industrials,White,3.0,0,0,0,0,ByOtherMeans,0,0
30/09/2021,1,28.46,4.0,0,30/09/2021,411,0,ConsumerDiscretionary,White,85,0,0,0,1,ByBirth,0,0
01/10/2021,1,20.42,0.0,1,01/10/2021,0,1,Energy,White,0.0,0,0,0,0,Temporary,0,0
01/10/2021,0,33.25,2.5,0,01/10/2021,0,0,Energy,White,2.5,0,0,0,1,ByBirth,2,0
01/10/2021,1,34.08,2.5,1,01/10/2021,460,1,Energy,White,1.0,0,0,0,0,ByBirth,16,0
01/10/2021,0,25.25,12.5,1,01/10/2021,180,1,Real Estate,White,1.0,0,0,0,1,ByBirth,1062,0
01/10/2021,1,34.75,2.5,1,01/10/2021,348,1,InformationTechnology,Asian,0.5,0,0,0,0,ByBirth,0,0
01/10/2021,1,27.67,0.75,1,01/10/2021,220,1,Materials,Black,165,0,0,0,1,ByBirth,251,0
01/10/2021,1,47.33,6.5,1,01/10/2021,0,1,Energy,White,1.0,0,0,0,1,ByBirth,228,0
01/10/2021,0,34.83,1.25,0,01/10/2021,160,0,ConsumerDiscretionary,Black,0.5,0,0,0,1,ByBirth,0,0
01/10/2021,0,33.25,3.0,0,01/10/2021,180,0,ConsumerStaples,White,2.0,0,0,0,0,ByBirth,0,0
01/10/2021,1,28.0,3.0,1,01/10/2021,300,1,Industrials,White,0.75,0,0,0,1,ByBirth,67,0
01/10/2021,0,39.08,4.0,1,01/10/2021,480,1,Energy,White,3.0,0,0,0,0,ByBirth,0,0
01/10/2021,1,42.75,4.085,1,01/10/2021,108,1,ConsumerStaples,White,0.04,0,0,0,0,ByBirth,100,0
01/10/2021,1,26.92,2.25,1,01/10/2021,640,1,ConsumerDiscretionary,Asian,0.5,0,0,0,1,ByBirth,4000,0
01/10/2021,1,33.75,2.75,1,01/10/2021,180,1,ConsumerDiscretionary,Asian,0.0,0,0,0,0,ByBirth,0,0
01/10/2021,1,38.92,1.75,1,01/10/2021,300,1,Financials,White,0.5,0,0,0,1,ByBirth,2,0
01/10/2021,1,62.75,7.0,1,01/10/2021,0,1,Education,Other,0.0,0,0,0,0,ByBirth,12,0
01/10/2021,1,32.25,1.5,1,01/10/2021,372,1,Energy,White,0.25,0,0,0,1,ByBirth,122,0
18/10/2021,1,26.75,4.5,0,18/10/2021,200,0,Energy,Asian,2.5,0,0,0,0,ByBirth,1210,0
19/10/2021,1,63.33,0.54,1,19/10/2021,180,1,Energy,White,585,1,1,3,1,ByBirth,0,0
20/10/2021,1,27.83,1.5,1,20/10/2021,100,1,Industrials,White,2.25,0,1,1,1,ByBirth,3,0
21/10/2021,0,26.17,2.0,1,21/10/2021,276,1,Research,Other,0.0,0,0,0,1,ByBirth,1,0
22/10/2021,1,22.17,585,0,22/10/2021,100,0,Healthcare,Latino,0.0,0,0,0,0,ByBirth,0,0
23/10/2021,1,22.5,11.5,0,23/10/2021,0,0,CommunicationServices,White,1.5,0,0,0,1,ByBirth,4000,0
24/10/2021,1,30.75,1.585,1,24/10/2021,0,1,Real Estate,White,585,0,0,0,1,ByOtherMeans,0,0
25/10/2021,1,36.67,2.0,1,25/10/2021,221,1,ConsumerDiscretionary,White,0.25,0,0,0,1,ByBirth,0,0
26/10/2021,0,16.0,165,1,26/10/2021,320,1,ConsumerStaples,White,1.0,0,1,2,1,ByBirth,1,0
27/10/2021,1,41.17,1.335,1,27/10/2021,168,1,Real Estate,White,165,0,0,0,0,ByBirth,0,0
28/10/2021,0,19.5,165,1,28/10/2021,380,1,Materials,White,0.04,0,0,0,1,ByBirth,0,0
29/10/2021,1,32.42,3.0,1,29/10/2021,120,1,Real Estate,White,165,0,0,0,1,ByBirth,0,0
29/10/2021,0,36.75,4.71,1,29/10/2021,160,1,Healthcare,Latino,0.0,0,0,0,0,ByBirth,0,0
29/10/2021,0,30.25,5.5,1,29/10/2021,100,1,Financials,White,5.5,0,0,0,1,ByOtherMeans,0,0
29/10/2021,1,23.08,2.5,1,29/10/2021,100,1,Healthcare,Latino,85,0,0,0,1,ByBirth,4208,0
29/10/2021,1,26.83,0.54,1,29/10/2021,100,1,Financials,Latino,0.0,0,0,0,0,ByBirth,0,0
29/10/2021,1,16.92,335,0,29/10/2021,200,0,Financials,White,0.29,0,0,0,0,ByOtherMeans,0,0
29/10/2021,1,24.42,2.0,1,29/10/2021,320,1,Education,Other,165,0,1,2,0,ByBirth,1300,0
29/10/2021,1,42.83,1.25,1,29/10/2021,352,1,CommunicationServices,White,13.875,0,1,1,1,ByBirth,112,0
29/10/2021,0,22.75,6.165,1,29/10/2021,220,1,ConsumerStaples,White,165,0,0,0,0,ByBirth,1000,0
29/10/2021,1,39.42,1.71,0,29/10/2021,400,0,CommunicationServices,White,165,0,0,0,0,ByOtherMeans,0,0
29/10/2021,0,23.58,11.5,0,29/10/2021,20,0,Financials,Black,3.0,0,0,0,1,ByBirth,16,0
29/10/2021,1,21.42,0.75,0,29/10/2021,132,0,Transport,Other,0.75,0,0,0,1,ByBirth,2,0
29/10/2021,1,33.0,2.5,0,29/10/2021,280,0,Industrials,White,7.0,0,0,0,1,ByBirth,0,0
29/10/2021,1,26.33,13.0,1,29/10/2021,140,1,Education,Other,0.0,0,0,0,1,ByBirth,1110,0
29/10/2021,0,45.0,4.585,1,29/10/2021,240,1,Financials,Black,1.0,0,0,0,1,ByOtherMeans,0,0
29/10/2021,1,26.25,1.54,1,29/10/2021,100,1,Industrials,White,125,0,0,0,0,ByBirth,0,0
29/10/2021,1,28.17,585,1,29/10/2021,260,1,ConsumerStaples,White,0.04,0,0,0,0,ByBirth,1004,0
29/10/2021,0,20.83,0.5,0,29/10/2021,260,0,Education,Other,1.0,0,0,0,0,ByBirth,0,0
29/10/2021,1,28.67,14.5,1,29/10/2021,0,1,Real Estate,White,125,0,0,0,0,ByBirth,286,0
29/10/2021,1,20.67,835,0,29/10/2021,240,0,Energy,White,2.0,0,0,0,1,ByOtherMeans,0,0
29/10/2021,1,34.42,1.335,1,29/10/2021,440,1,ConsumerDiscretionary,Asian,125,0,0,0,1,ByBirth,4500,0
29/10/2021,1,33.58,0.25,1,29/10/2021,420,1,ConsumerDiscretionary,Asian,4.0,0,0,0,1,ByOtherMeans,0,0
20/11/2021,1,43.17,5.0,1,20/11/2021,141,1,ConsumerDiscretionary,Asian,2.25,0,0,0,1,ByBirth,0,0
21/11/2021,0,22.67,7.0,1,21/11/2021,160,1,Energy,White,165,0,0,0,0,ByBirth,0,0
22/11/2021,0,24.33,2.5,0,22/11/2021,200,0,ConsumerDiscretionary,Asian,4.5,0,0,0,0,ByBirth,456,0
23/11/2021,0,56.83,4.25,0,23/11/2021,0,0,Healthcare,Latino,5.0,0,0,0,1,ByBirth,4,0
24/11/2021,1,22.08,11.46,1,24/11/2021,100,1,Financials,White,1.585,0,0,0,1,ByBirth,1212,0
25/11/2021,1,34.0,5.5,0,25/11/2021,60,0,Energy,White,1.5,0,0,0,1,ByBirth,0,0
26/11/2021,1,22.58,1.5,0,26/11/2021,120,0,ConsumerStaples,White,0.54,0,0,0,1,ByBirth,67,0
27/11/2021,1,21.17,0.0,1,27/11/2021,0,1,Energy,White,0.5,0,0,0,1,ByOtherMeans,0,0
28/11/2021,1,26.67,14.585,1,28/11/2021,178,1,ConsumerDiscretionary,Asian,0.0,0,0,0,1,ByBirth,0,0
29/11/2021,1,22.92,0.17,1,29/11/2021,0,1,CommunicationServices,White,85,0,0,0,0,ByOtherMeans,0,0
30/11/2021,1,15.17,7.0,1,30/11/2021,600,1,Education,White,1.0,0,0,0,0,ByBirth,0,0
30/11/2021,1,39.92,5.0,1,30/11/2021,550,1,ConsumerDiscretionary,Asian,0.21,0,0,0,0,ByBirth,0,0
30/11/2021,1,27.42,12.5,1,30/11/2021,720,1,ConsumerStaples,Asian,0.25,0,0,0,1,ByBirth,0,0
30/11/2021,1,24.75,0.54,1,30/11/2021,120,1,CommunicationServices,White,1.0,0,0,0,1,ByBirth,1,0
30/11/2021,1,41.17,1.25,0,30/11/2021,0,0,Industrials,White,0.25,0,0,0,0,ByBirth,195,0
30/11/2021,0,33.08,1.625,1,30/11/2021,0,1,Real Estate,White,0.54,0,0,0,1,ByBirth,0,0
30/11/2021,1,29.83,02.04,0,30/11/2021,128,0,Utilities,Black,0.04,0,0,0,0,ByBirth,1,0
30/11/2021,0,23.58,585,0,30/11/2021,120,0,Healthcare,Latino,125,0,0,0,0,ByBirth,87,0
30/11/2021,1,26.17,12.5,0,30/11/2021,0,0,Financials,Black,1.25,0,0,0,1,ByBirth,17,0
30/11/2021,1,31.0,2.085,1,30/11/2021,300,1,Energy,White,85,0,0,0,0,ByBirth,0,0
30/11/2021,1,20.75,5.085,0,30/11/2021,140,0,Research,White,0.29,0,0,0,0,ByBirth,184,0
30/11/2021,1,28.92,375,1,30/11/2021,220,1,Energy,White,0.29,0,0,0,0,ByBirth,140,0
30/11/2021,0,51.92,6.5,1,30/11/2021,73,1,ConsumerDiscretionary,Asian,3.085,0,0,0,1,ByBirth,0,0
30/11/2021,0,22.67,335,1,30/11/2021,160,1,Materials,White,0.75,0,0,0,0,ByOtherMeans,0,0
30/11/2021,1,34.0,5.085,0,30/11/2021,480,0,ConsumerDiscretionary,Asian,1.085,0,0,0,1,ByBirth,0,0
30/11/2021,0,69.5,6.0,1,30/11/2021,0,1,Healthcare,Latino,0.0,0,0,0,0,ByOtherMeans,0,0
30/11/2021,0,40.33,8.125,0,30/11/2021,0,0,Financials,White,165,0,1,2,0,ByBirth,18,0
30/11/2021,0,19.58,665,0,30/11/2021,2000,0,Energy,White,1.0,0,1,1,0,ByBirth,2,0
30/11/2021,1,16.0,3.125,1,30/11/2021,0,1,Industrials,White,85,0,1,1,0,ByBirth,6,0
30/11/2021,1,17.08,0.25,1,30/11/2021,160,1,Materials,White,335,0,1,4,0,ByBirth,8,0
30/11/2021,1,31.25,2.835,1,30/11/2021,176,1,Healthcare,Latino,0.0,0,1,5,0,ByBirth,146,0
30/11/2021,1,25.17,3.0,1,30/11/2021,0,1,Energy,White,1.25,0,1,1,0,ByBirth,22,0
30/11/2021,0,22.67,0.79,1,30/11/2021,144,1,ConsumerDiscretionary,White,85,0,0,0,0,ByBirth,0,0
30/11/2021,1,40.58,1.5,1,30/11/2021,300,1,ConsumerDiscretionary,Asian,0.0,0,0,0,0,ByOtherMeans,0,0
30/11/2021,1,22.25,0.46,1,30/11/2021,280,1,Financials,White,125,0,0,0,1,ByBirth,55,0
30/11/2021,0,22.25,1.25,0,30/11/2021,280,0,Healthcare,Latino,3.25,0,0,0,0,ByBirth,0,0
30/11/2021,1,22.5,125,0,30/11/2021,200,0,Financials,White,125,0,0,0,0,ByBirth,70,0
30/11/2021,1,23.58,1.79,1,30/11/2021,136,1,Energy,White,0.54,0,0,0,1,ByBirth,1,0
30/11/2021,1,38.42,705,1,30/11/2021,225,1,Energy,White,375,0,1,2,0,ByBirth,500,0
30/11/2021,0,26.58,2.54,0,30/11/2021,180,0,Healthcare,Latino,0.0,0,0,0,1,ByBirth,60,0
30/11/2021,1,35.0,2.5,1,30/11/2021,210,1,ConsumerDiscretionary,White,1.0,0,0,0,1,ByBirth,0,0
30/11/2021,1,20.42,1.085,1,30/11/2021,108,1,Materials,White,1.5,0,0,0,0,ByBirth,7,0
30/11/2021,1,29.42,1.25,1,30/11/2021,200,1,Industrials,White,1.75,0,0,0,0,ByBirth,0,0
30/11/2021,1,26.17,835,1,30/11/2021,100,1,InformationTechnology,White,1.165,0,0,0,0,ByBirth,0,0
03/01/2022,1,33.67,2.165,1,03/01/2022,120,1,Energy,White,1.5,0,0,0,0,Temporary,0,0
04/01/2022,1,24.58,1.25,1,04/01/2022,110,1,Energy,White,0.25,0,0,0,0,ByBirth,0,0
05/01/2022,0,27.67,02.04,1,05/01/2022,180,1,Industrials,White,0.25,0,0,0,1,ByBirth,50,0
06/01/2022,1,37.5,835,1,06/01/2022,120,1,Education,White,0.04,0,0,0,0,ByBirth,5,0
07/01/2022,1,49.17,2.29,1,07/01/2022,200,1,Healthcare,Latino,0.29,0,0,0,0,ByBirth,3,0
08/01/2022,1,33.58,335,0,08/01/2022,180,0,InformationTechnology,White,85,0,0,0,0,ByBirth,0,0
09/01/2022,1,51.83,3.0,0,09/01/2022,180,0,Healthcare,Latino,1.5,0,0,0,0,ByBirth,4,0
10/01/2022,1,22.92,3.165,0,10/01/2022,160,0,Energy,White,165,0,0,0,0,ByBirth,1058,0
11/01/2022,1,21.83,1.54,1,11/01/2022,356,1,Financials,White,85,0,0,0,1,ByBirth,0,0
12/01/2022,1,25.25,1.0,1,12/01/2022,200,1,ConsumerStaples,White,0.5,0,0,0,0,ByBirth,0,0
12/01/2022,1,58.58,2.71,1,12/01/2022,320,1,Energy,White,2.415,0,0,0,1,ByBirth,0,0
12/01/2022,1,19.0,0.0,0,12/01/2022,45,0,Healthcare,Latino,0.0,0,1,4,0,ByBirth,1,0
12/01/2022,1,19.58,585,1,12/01/2022,350,1,Healthcare,Latino,0.0,0,1,3,0,ByBirth,769,0
12/01/2022,0,53.33,165,1,12/01/2022,62,1,Healthcare,Latino,0.0,0,0,0,1,ByOtherMeans,27,0
12/01/2022,0,27.17,1.25,1,12/01/2022,92,1,Healthcare,Latino,0.0,0,1,1,0,ByBirth,300,0
18/01/2022,1,25.92,875,1,18/01/2022,174,1,Financials,White,375,0,1,2,1,ByBirth,3,0
19/01/2022,1,23.08,0.0,1,19/01/2022,0,1,Financials,White,1.0,0,1,11,0,ByOtherMeans,0,0
20/01/2022,1,39.58,5.0,1,20/01/2022,17,1,Healthcare,Latino,0.0,0,1,2,0,ByBirth,1,0
21/01/2022,1,30.58,2.71,0,21/01/2022,80,0,CommunicationServices,White,125,0,0,0,1,ByOtherMeans,0,0
22/01/2022,1,17.25,3.0,1,22/01/2022,160,1,Financials,White,0.04,0,0,0,1,ByBirth,40,0
23/01/2022,0,17.67,0.0,0,23/01/2022,86,0,Research,Latino,0.0,0,0,0,0,ByBirth,0,0
24/01/2022,0,28.46,11.25,1,24/01/2022,0,1,Healthcare,Latino,0.0,0,0,0,0,ByBirth,5200,0
25/01/2022,1,16.5,125,1,25/01/2022,132,1,Energy,White,165,0,0,0,0,ByBirth,0,0
26/01/2022,0,27.33,1.665,1,26/01/2022,340,1,Healthcare,Latino,0.0,0,0,0,0,ByBirth,1,0
27/01/2022,1,31.25,1.125,1,27/01/2022,96,1,Healthcare,Latino,0.0,0,1,1,0,ByBirth,19,0
28/01/2022,1,20.0,7.0,1,28/01/2022,0,1,Energy,White,0.5,0,0,0,0,ByBirth,0,0
29/01/2022,1,28.46,3.0,0,29/01/2022,0,0,ConsumerDiscretionary,Asian,7.0,0,0,0,0,ByBirth,1,0
30/01/2022,1,39.5,1.625,1,30/01/2022,0,1,Energy,White,1.5,0,0,0,0,ByBirth,316,0
29/01/2022,1,36.5,4.25,1,29/01/2022,454,1,Materials,White,3.5,0,0,0,0,ByBirth,50,0
29/01/2022,1,29.75,665,1,29/01/2022,300,1,Industrials,White,0.25,0,0,0,1,ByBirth,0,0
29/01/2022,1,52.42,1.5,1,29/01/2022,0,1,Real Estate,White,3.75,0,0,0,1,ByBirth,350,0
29/01/2022,1,36.17,18.125,1,29/01/2022,320,1,Industrials,White,85,0,0,0,0,ByBirth,3552,0
29/01/2022,1,34.58,0.0,1,29/01/2022,0,1,Energy,White,0.0,0,0,0,0,Temporary,0,0
29/01/2022,1,29.67,0.75,0,29/01/2022,240,0,Energy,White,0.04,0,0,0,0,ByBirth,0,0
29/01/2022,1,36.17,5.5,1,29/01/2022,210,1,ConsumerDiscretionary,Asian,5.0,0,0,0,0,ByBirth,687,0
29/01/2022,1,25.67,0.29,0,29/01/2022,160,0,Energy,White,1.5,0,0,0,1,ByBirth,0,0
29/01/2022,0,24.5,2.415,0,29/01/2022,120,0,Energy,White,0.0,0,0,0,0,ByBirth,0,0
29/01/2022,1,24.08,875,1,29/01/2022,254,1,CommunicationServices,White,85,0,1,4,0,ByBirth,1950,0
29/01/2022,1,21.92,0.5,1,29/01/2022,360,1,Energy,White,125,0,0,0,0,ByBirth,0,0
29/01/2022,0,36.58,0.29,1,29/01/2022,200,1,Healthcare,Latino,0.0,0,1,10,0,ByBirth,18,0
29/01/2022,0,23.0,1.835,1,29/01/2022,200,1,Research,Other,0.0,0,1,1,0,ByBirth,53,0
29/01/2022,0,27.58,3.0,1,29/01/2022,280,1,CommunicationServices,White,2.79,0,1,1,1,ByBirth,10,0
29/01/2022,1,31.08,3.085,1,29/01/2022,160,1,Energy,White,2.5,0,1,2,1,ByBirth,41,0
29/01/2022,0,30.42,1.375,1,29/01/2022,0,1,Industrials,Black,0.04,0,1,3,0,ByBirth,33,0
29/01/2022,1,22.08,2.335,1,29/01/2022,180,1,Financials,White,0.75,0,0,0,0,ByBirth,0,0
29/01/2022,1,16.33,4.085,1,29/01/2022,120,1,ConsumerDiscretionary,Black,415,0,0,0,1,ByBirth,0,0
29/01/2022,0,21.92,11.665,1,29/01/2022,320,1,Financials,Black,85,0,0,0,0,ByBirth,5,0
29/01/2022,1,21.08,4.125,0,29/01/2022,140,0,ConsumerDiscretionary,Black,0.04,0,0,0,0,ByBirth,100,0
29/01/2022,1,17.42,6.5,1,29/01/2022,60,1,ConsumerDiscretionary,White,125,0,0,0,0,ByBirth,100,0
29/01/2022,1,19.17,4.0,0,29/01/2022,360,0,ConsumerDiscretionary,White,1.0,0,0,0,1,ByBirth,1000,0
22/02/2022,1,20.67,415,1,22/02/2022,0,1,Energy,White,125,0,0,0,0,ByBirth,44,0
23/02/2022,1,26.75,2.0,1,23/02/2022,80,1,Real Estate,White,0.75,0,0,0,1,ByBirth,0,0
24/02/2022,1,23.58,835,1,24/02/2022,220,1,ConsumerDiscretionary,Black,85,0,0,0,1,ByBirth,5,0
25/02/2022,1,39.17,2.5,0,25/02/2022,200,0,ConsumerDiscretionary,Black,10.0,0,0,0,1,ByOtherMeans,0,0
26/02/2022,1,22.75,11.5,1,26/02/2022,0,1,ConsumerDiscretionary,White,415,0,0,0,0,ByBirth,0,0
27/02/2022,1,26.5,2.71,0,27/02/2022,80,0,Energy,White,85,0,0,0,0,ByOtherMeans,0,0
28/02/2022,0,16.92,0.5,1,28/02/2022,240,1,ConsumerDiscretionary,White,165,0,1,6,1,ByBirth,35,0
01/03/2022,1,23.5,3.165,0,01/03/2022,280,0,Financials,White,415,0,1,1,1,ByBirth,80,0
02/03/2022,0,17.33,9.5,1,02/03/2022,0,1,ConsumerStaples,White,1.75,0,1,10,1,ByBirth,10,0
20/03/2022,1,23.75,415,0,20/03/2022,128,0,Energy,White,0.04,0,1,2,0,ByBirth,6,0
20/03/2022,1,34.67,01.08,1,20/03/2022,28,1,CommunicationServices,White,1.165,0,0,0,0,ByOtherMeans,0,0
20/03/2022,1,74.83,19.0,0,20/03/2022,0,0,Healthcare,Latino,0.04,0,1,2,0,ByBirth,351,0
20/03/2022,1,28.17,125,0,20/03/2022,216,0,Financials,White,85,0,0,0,0,ByBirth,2100,0
20/03/2022,1,24.5,13.335,0,20/03/2022,120,0,ConsumerStaples,White,0.04,0,0,0,1,ByBirth,475,0
20/03/2022,1,18.83,3.54,0,20/03/2022,180,0,Healthcare,Latino,0.0,0,0,0,1,ByBirth,1,0
20/03/2022,1,45.33,1.0,1,20/03/2022,263,1,Materials,White,125,0,0,0,1,ByBirth,0,0
20/03/2022,0,47.25,0.75,1,20/03/2022,333,1,Materials,Black,2.75,1,1,1,0,ByBirth,892,1
20/03/2022,1,24.17,875,1,20/03/2022,520,1,Materials,White,4.625,1,1,2,1,ByBirth,2000,1
20/03/2022,1,39.25,9.5,1,20/03/2022,240,1,CommunicationServices,White,6.5,1,1,14,0,ByBirth,4607,1
13/03/2022,0,20.5,11.835,1,13/03/2022,340,1,Energy,Black,6.0,1,0,0,0,ByBirth,0,1
14/03/2022,0,18.83,4.415,0,14/03/2022,240,0,Energy,Black,3.0,1,0,0,0,ByBirth,0,1
15/03/2022,1,19.17,9.5,1,15/03/2022,120,1,Industrials,White,1.5,1,0,0,0,ByBirth,2206,1
16/03/2022,0,25.0,875,1,16/03/2022,160,1,Utilities,Black,01.04,1,0,0,1,ByBirth,5860,1
17/03/2022,1,20.17,9.25,1,17/03/2022,40,1,Energy,White,1.665,1,1,3,1,ByBirth,28,1
18/03/2022,1,25.75,0.5,1,18/03/2022,312,1,Energy,White,1.46,1,1,5,1,ByBirth,0,1
29/03/2022,1,20.42,7.0,1,29/03/2022,200,1,Energy,White,1.625,1,1,3,0,ByBirth,1391,1
29/03/2022,1,28.46,4.0,1,29/03/2022,290,1,Utilities,White,5.0,1,1,3,1,ByBirth,2279,1
29/03/2022,1,39.0,5.0,1,29/03/2022,0,1,InformationTechnology,White,3.5,1,1,10,1,ByBirth,0,1
29/03/2022,0,64.08,165,1,29/03/2022,232,1,Healthcare,Latino,0.0,1,1,1,0,ByBirth,100,1
29/03/2022,1,28.25,5.125,1,29/03/2022,420,1,Utilities,White,4.75,1,1,2,0,ByBirth,7,1
29/03/2022,0,28.75,3.75,1,29/03/2022,371,1,Energy,White,1.085,1,1,1,1,ByBirth,0,1
29/03/2022,1,31.33,19.5,1,29/03/2022,0,1,Energy,White,7.0,1,1,16,0,ByBirth,5000,1
29/03/2022,0,18.92,9.0,1,29/03/2022,88,1,ConsumerStaples,White,0.75,1,1,2,0,ByBirth,591,1
27/03/2022,0,24.75,3.0,1,27/03/2022,0,1,Materials,Black,1.835,1,1,19,0,ByBirth,500,1
28/03/2022,0,30.67,12.0,1,28/03/2022,220,1,Energy,White,2.0,1,1,1,0,ByBirth,19,1
29/03/2022,1,21.0,4.79,0,29/03/2022,80,0,Industrials,White,2.25,1,1,1,1,ByBirth,300,1
30/03/2022,1,13.75,4.0,0,30/03/2022,120,0,Industrials,White,1.75,1,1,2,1,ByBirth,1000,1
31/03/2022,0,46.0,4.0,1,31/03/2022,100,1,Research,Other,0.0,1,0,0,0,ByBirth,960,1
01/04/2022,0,44.33,0.0,1,01/04/2022,0,1,Energy,White,2.5,1,0,0,0,ByBirth,0,1
02/04/2022,1,20.25,9.96,1,02/04/2022,0,1,Education,Other,0.0,1,0,0,0,ByBirth,0,1
03/04/2022,1,22.67,2.54,0,03/04/2022,0,0,Energy,Black,2.585,1,0,0,0,ByBirth,0,1
04/04/2022,1,28.46,10.5,1,04/04/2022,0,1,Utilities,White,6.5,1,0,0,0,ByBirth,0,1
03/04/2022,0,60.92,5.0,1,03/04/2022,0,1,ConsumerStaples,White,4.0,1,1,4,0,ByBirth,99,1
03/04/2022,1,16.08,0.75,1,03/04/2022,352,1,Energy,White,1.75,1,1,5,1,ByBirth,690,1
03/04/2022,0,28.17,375,1,03/04/2022,80,1,Materials,White,585,1,1,4,0,ByBirth,0,1
03/04/2022,1,39.17,1.71,1,03/04/2022,480,1,Utilities,White,125,1,1,5,1,ByBirth,0,1
03/04/2022,1,20.42,7.5,1,03/04/2022,160,1,Financials,White,1.5,1,1,1,0,ByBirth,234,1
10/04/2022,0,30.0,5.29,1,10/04/2022,99,1,Education,Other,2.25,1,1,5,1,ByBirth,500,1
11/04/2022,1,22.83,3.0,1,11/04/2022,260,1,CommunicationServices,White,1.29,1,1,1,0,ByBirth,800,1
12/04/2022,0,22.5,8.5,1,12/04/2022,80,1,Materials,White,1.75,1,1,10,0,ByBirth,990,0
13/04/2022,0,28.58,1.665,1,13/04/2022,440,1,Materials,White,2.415,1,0,0,1,ByBirth,0,0
14/04/2022,1,45.17,1.5,1,14/04/2022,140,1,Energy,White,2.5,1,0,0,1,ByBirth,0,0
13/04/2022,1,41.58,1.75,1,13/04/2022,160,1,Financials,White,0.21,1,0,0,0,ByBirth,0,0
13/04/2022,0,57.08,335,1,13/04/2022,252,1,ConsumerDiscretionary,Asian,1.0,1,0,0,1,ByBirth,2197,0
13/04/2022,0,55.75,07.08,1,13/04/2022,100,1,Financials,Black,6.75,1,1,3,1,ByBirth,50,0
13/04/2022,1,43.25,25.21,1,13/04/2022,760,1,Materials,Black,0.21,1,1,1,0,ByBirth,90,0
13/04/2022,0,25.33,2.085,1,13/04/2022,360,1,Energy,Black,2.75,1,0,0,1,ByBirth,1,0
13/04/2022,0,24.58,0.67,1,13/04/2022,400,1,ConsumerStaples,Black,1.75,1,0,0,0,ByBirth,0,0
13/04/2022,1,43.17,2.25,1,13/04/2022,560,1,ConsumerDiscretionary,Asian,0.75,1,0,0,0,ByBirth,0,0
22/04/2022,1,40.92,835,1,22/04/2022,130,1,Healthcare,Latino,0.0,1,0,0,0,ByBirth,1,0
23/04/2022,1,31.83,2.5,1,23/04/2022,523,1,ConsumerStaples,White,7.5,1,0,0,1,ByBirth,0,0
24/04/2022,0,33.92,1.585,0,24/04/2022,320,0,Healthcare,Latino,0.0,1,0,0,0,ByBirth,0,0
25/04/2022,0,24.92,1.25,1,25/04/2022,80,1,Healthcare,Latino,0.0,1,0,0,0,ByBirth,0,0
26/04/2022,1,35.25,3.165,1,26/04/2022,680,1,Utilities,Black,3.75,1,0,0,1,ByBirth,0,0
27/04/2022,1,34.25,1.75,1,27/04/2022,163,1,Industrials,Asian,0.25,1,0,0,1,ByBirth,0,0
28/04/2022,1,80.25,5.5,1,28/04/2022,0,1,Energy,White,0.54,1,0,0,0,ByBirth,340,0
29/04/2022,1,19.42,1.5,0,29/04/2022,100,0,InformationTechnology,White,2.0,1,0,0,1,ByBirth,20,0
30/04/2022,1,42.75,3.0,1,30/04/2022,0,1,ConsumerDiscretionary,Asian,1.0,1,0,0,0,ByBirth,200,0
29/04/2022,1,19.67,10.0,0,29/04/2022,140,0,Financials,Black,835,1,0,0,1,ByBirth,0,0
29/04/2022,1,36.33,3.79,1,29/04/2022,200,1,Industrials,White,1.165,1,0,0,1,ByBirth,0,0
29/04/2022,1,30.08,01.04,0,29/04/2022,132,0,ConsumerDiscretionary,Asian,0.5,1,1,10,1,ByBirth,28,0
29/04/2022,1,44.25,11.0,0,29/04/2022,0,0,Real Estate,White,1.5,1,0,0,0,ByOtherMeans,0,0
29/04/2022,1,23.58,0.46,0,29/04/2022,208,0,Industrials,White,2.625,1,1,6,1,ByBirth,347,0
29/04/2022,1,23.92,1.5,1,29/04/2022,200,1,Real Estate,Black,1.875,1,1,6,0,ByBirth,327,1
07/05/2022,1,33.17,1.0,1,07/05/2022,340,1,Utilities,White,0.75,1,1,7,1,ByBirth,4071,1
08/05/2022,1,48.33,12.0,1,08/05/2022,110,1,CommunicationServices,White,16.0,1,0,0,0,ByOtherMeans,0,1
09/05/2022,1,76.75,22.29,1,09/05/2022,0,1,Education,Other,12.75,1,1,1,1,ByBirth,109,1
10/05/2022,1,51.33,10.0,1,10/05/2022,0,1,ConsumerDiscretionary,Asian,0.0,1,1,11,0,ByBirth,1249,1
11/05/2022,1,34.75,15.0,1,11/05/2022,0,1,Transport,Other,5.375,1,1,9,1,ByBirth,134,1
12/05/2022,1,38.58,3.335,1,12/05/2022,383,1,Industrials,White,4.0,1,1,14,0,ByBirth,1344,1
12/05/2022,0,22.42,11.25,0,12/05/2022,0,0,Utilities,Black,0.75,1,1,4,0,ByBirth,321,1
12/05/2022,1,41.92,0.42,1,12/05/2022,220,1,Energy,Black,0.21,1,1,6,0,ByBirth,948,1
12/05/2022,1,29.58,4.5,1,12/05/2022,330,1,Industrials,White,7.5,1,1,2,1,ByBirth,0,1
12/05/2022,0,32.17,1.46,1,12/05/2022,120,1,Industrials,White,1.085,1,1,16,0,ByBirth,2079,1
12/05/2022,1,51.42,0.04,1,12/05/2022,0,1,Utilities,Black,0.04,1,0,0,0,ByBirth,3000,1
12/05/2022,0,22.83,2.29,1,12/05/2022,140,1,Materials,Black,2.29,1,1,7,1,ByBirth,2384,1
19/05/2022,0,25.0,12.33,1,19/05/2022,400,1,InformationTechnology,Black,3.5,1,1,6,0,ByBirth,458,1
20/05/2022,1,26.75,1.125,1,20/05/2022,0,1,Utilities,Black,1.25,1,0,0,0,ByBirth,5298,1
21/05/2022,1,23.33,1.5,1,21/05/2022,422,1,Energy,Black,1.415,1,0,0,0,ByBirth,200,1
22/05/2022,1,24.42,12.335,1,22/05/2022,120,1,Materials,Black,1.585,1,0,0,1,ByBirth,0,1
23/05/2022,1,42.17,05.04,1,23/05/2022,92,1,Materials,Black,12.75,1,0,0,1,ByBirth,0,1
24/05/2022,0,20.83,3.0,1,24/05/2022,100,1,ConsumerStaples,White,0.04,1,0,0,0,ByBirth,0,1
25/05/2022,1,23.08,11.5,1,25/05/2022,290,1,Industrials,Black,2.125,1,1,11,1,ByBirth,284,1
26/05/2022,0,25.17,2.875,1,26/05/2022,360,1,Utilities,Black,875,1,0,0,0,ByBirth,0,1
27/05/2022,1,43.08,375,0,27/05/2022,300,0,Energy,White,375,1,1,8,1,ByBirth,162,1
28/05/2022,0,35.75,915,1,28/05/2022,0,1,ConsumerStaples,White,0.75,1,1,4,0,ByBirth,1583,1
29/05/2022,1,59.5,2.75,1,29/05/2022,60,1,Industrials,White,1.75,1,1,5,1,ByBirth,58,1
30/05/2022,1,21.0,3.0,0,30/05/2022,160,0,Real Estate,White,1.085,1,1,8,1,ByBirth,1,1
31/05/2022,1,21.92,0.54,0,31/05/2022,840,0,Utilities,White,0.04,1,1,1,1,ByBirth,59,1
01/06/2022,0,65.17,14.0,1,01/06/2022,0,1,Healthcare,Latino,0.0,1,1,11,1,ByBirth,1400,1
02/06/2022,0,20.33,10.0,1,02/06/2022,50,1,Energy,Black,1.0,1,1,4,0,ByBirth,1465,1
03/06/2022,1,32.25,165,0,03/06/2022,432,0,Energy,Black,3.25,1,1,1,1,ByBirth,8000,1
31/05/2022,1,30.17,0.5,1,31/05/2022,32,1,Energy,White,1.75,1,1,11,0,ByBirth,540,1
01/06/2022,1,25.17,6.0,1,01/06/2022,0,1,Energy,White,1.0,1,1,3,0,ByBirth,0,1
31/05/2022,1,39.17,1.625,1,31/05/2022,186,1,Energy,White,1.5,1,1,10,0,ByBirth,4700,1
01/06/2022,1,39.08,6.0,1,01/06/2022,108,1,CommunicationServices,White,1.29,1,1,5,1,ByBirth,1097,1
31/05/2022,1,31.67,0.83,1,31/05/2022,303,1,Utilities,White,1.335,1,1,8,1,ByBirth,3290,1
01/06/2022,1,41.0,0.04,1,01/06/2022,560,1,Education,White,0.04,0,1,1,0,ByOtherMeans,0,1
31/05/2022,1,48.5,4.25,1,31/05/2022,225,1,CommunicationServices,White,125,1,0,0,1,ByBirth,0,1
01/06/2022,1,32.67,9.0,0,01/06/2022,154,0,Industrials,Black,5.25,1,0,0,1,ByBirth,0,1
12/06/2022,0,28.08,15.0,0,12/06/2022,0,0,Education,Other,0.0,1,0,0,0,ByBirth,13212,1
13/06/2022,1,73.42,17.75,1,13/06/2022,0,1,Healthcare,Latino,0.0,1,0,0,1,ByBirth,0,1
14/06/2022,1,64.08,20.0,1,14/06/2022,0,1,Utilities,Black,17.5,1,1,9,1,ByBirth,1000,1
15/06/2022,1,51.58,15.0,1,15/06/2022,0,1,Energy,White,8.5,1,1,9,0,ByBirth,0,1
16/06/2022,1,26.67,1.75,0,16/06/2022,160,0,Energy,White,1.0,1,1,5,1,ByBirth,5777,1
17/06/2022,1,25.33,0.58,1,17/06/2022,96,1,Energy,White,0.29,1,1,7,1,ByBirth,5124,1
18/06/2022,1,30.17,6.5,1,18/06/2022,330,1,InformationTechnology,White,3.125,1,1,8,0,ByBirth,1200,1
19/06/2022,1,27.0,0.75,1,19/06/2022,312,1,Energy,Black,4.25,1,1,3,1,ByBirth,150,1
20/06/2022,1,23.17,0.0,1,20/06/2022,0,1,Energy,White,0.0,0,0,0,0,Temporary,0,1
20/06/2022,1,34.17,5.25,1,20/06/2022,290,1,Industrials,White,85,0,0,0,1,ByBirth,6,1
20/06/2022,1,38.67,0.21,1,20/06/2022,280,1,Financials,White,85,1,0,0,1,ByBirth,0,1
20/06/2022,1,25.75,0.75,1,20/06/2022,349,1,Energy,Asian,0.25,1,0,0,0,ByBirth,23,1
20/06/2022,0,46.08,3.0,1,20/06/2022,396,1,Energy,White,2.375,1,1,8,1,ByBirth,4159,1
20/06/2022,0,21.5,6.0,1,20/06/2022,80,1,ConsumerStaples,White,2.5,1,1,3,0,ByBirth,918,1
20/06/2022,1,20.08,125,1,20/06/2022,240,1,Materials,White,1.0,0,1,1,0,ByBirth,768,1
20/06/2022,1,20.5,2.415,1,20/06/2022,200,1,Energy,White,2.0,1,1,11,1,ByBirth,3000,1
20/06/2022,0,29.5,0.46,1,20/06/2022,380,1,Financials,White,0.54,1,1,4,0,ByBirth,500,1
29/06/2022,1,42.25,1.75,0,29/06/2022,150,0,Energy,White,0.0,0,0,0,1,ByBirth,1,0
30/06/2022,1,29.83,1.25,0,30/06/2022,224,0,Financials,White,0.25,0,0,0,0,ByBirth,0,0
01/07/2022,1,20.08,0.25,1,01/07/2022,200,1,Materials,White,125,0,0,0,0,ByBirth,0,0
02/07/2022,1,23.42,585,1,02/07/2022,180,1,Energy,Black,85,1,0,0,0,ByBirth,0,0
03/07/2022,0,29.58,1.75,0,03/07/2022,280,0,Financials,White,1.25,0,0,0,1,ByBirth,0,0
10/07/2022,1,16.17,0.04,1,10/07/2022,0,1,Energy,White,0.04,0,0,0,0,ByBirth,0,1
11/07/2022,1,32.33,3.5,1,11/07/2022,232,1,Financials,White,0.5,0,0,0,1,ByBirth,0,0
12/07/2022,1,28.46,0.04,0,12/07/2022,460,0,Real Estate,White,4.25,0,0,0,1,ByBirth,0,0
10/07/2022,1,47.83,4.165,1,10/07/2022,520,1,Utilities,Asian,85,0,0,0,1,ByBirth,0,0
11/07/2022,1,20.0,1.25,0,11/07/2022,140,0,Financials,White,125,0,0,0,0,ByBirth,4,0
12/07/2022,1,27.58,3.25,0,12/07/2022,369,0,Materials,Black,5.085,0,1,2,1,ByBirth,1,0
10/07/2022,1,22.0,0.79,1,10/07/2022,420,1,Industrials,White,0.29,0,1,1,0,ByBirth,283,0
11/07/2022,1,19.33,10.915,1,11/07/2022,200,1,Energy,Asian,585,0,1,2,1,ByBirth,7,0
12/07/2022,0,38.33,4.415,1,12/07/2022,160,1,Energy,White,125,0,0,0,0,ByBirth,0,0
10/07/2022,1,29.42,1.25,1,10/07/2022,400,1,Energy,Black,0.25,0,1,2,1,ByBirth,108,0
11/07/2022,1,22.67,0.75,1,11/07/2022,400,1,ConsumerDiscretionary,White,1.585,0,1,1,1,ByBirth,9,0
12/07/2022,1,32.25,14.0,0,12/07/2022,160,0,Healthcare,Latino,0.0,0,1,2,0,ByBirth,1,0
16/07/2022,1,29.58,4.75,1,16/07/2022,460,1,CommunicationServices,White,2.0,0,1,1,1,ByBirth,68,0
17/07/2022,1,18.42,10.415,0,17/07/2022,120,0,ConsumerStaples,White,125,1,0,0,0,ByBirth,375,0
18/07/2022,1,22.17,2.25,1,18/07/2022,160,1,ConsumerDiscretionary,White,125,0,0,0,0,ByBirth,10,0
18/07/2022,1,22.67,165,1,18/07/2022,0,1,Energy,Other,2.25,0,0,0,1,ByOtherMeans,0,1
18/07/2022,0,25.58,0.0,1,18/07/2022,0,1,Energy,White,0.0,0,0,0,0,Temporary,0,1
18/07/2022,1,18.83,0.0,1,18/07/2022,160,1,Materials,White,665,0,0,0,0,ByBirth,1,0
18/07/2022,1,21.58,0.79,0,18/07/2022,160,0,InformationTechnology,White,665,0,0,0,0,ByBirth,0,0
18/07/2022,1,23.75,12.0,1,18/07/2022,80,1,Energy,White,2.085,0,0,0,0,ByOtherMeans,0,0
18/07/2022,1,22.0,7.835,0,18/07/2022,0,0,ConsumerDiscretionary,Asian,165,0,0,0,1,ByBirth,0,0
18/07/2022,1,36.08,2.54,1,18/07/2022,0,1,Healthcare,Latino,0.0,0,0,0,0,ByBirth,1000,0
18/07/2022,1,29.25,13.0,1,18/07/2022,228,1,Real Estate,Black,0.5,0,0,0,0,ByBirth,0,0
18/07/2022,0,19.58,665,1,18/07/2022,220,1,Industrials,White,1.665,0,0,0,0,ByBirth,5,0
18/07/2022,0,22.92,1.25,1,18/07/2022,120,1,Materials,White,0.25,0,0,0,1,ByBirth,809,0
18/07/2022,0,27.25,0.29,1,18/07/2022,272,1,CommunicationServices,Black,125,0,1,1,1,ByBirth,108,0
18/07/2022,0,38.75,1.5,1,18/07/2022,76,1,Healthcare,Latino,0.0,0,0,0,0,ByBirth,0,0
18/07/2022,1,32.42,2.165,0,18/07/2022,120,0,Financials,Latino,0.0,0,0,0,0,ByBirth,0,0
18/07/2022,0,23.75,0.71,1,18/07/2022,240,1,Industrials,White,0.25,0,1,1,1,ByBirth,4,0
18/07/2022,1,18.17,2.46,1,18/07/2022,160,1,Energy,Other,0.96,0,1,2,1,ByBirth,587,0
18/07/2022,1,40.92,0.5,0,18/07/2022,130,0,CommunicationServices,White,0.5,0,0,0,1,ByBirth,0,0
18/07/2022,1,19.5,9.585,1,18/07/2022,80,1,ConsumerStaples,White,0.79,0,0,0,0,ByBirth,350,0
18/07/2022,1,28.58,3.625,1,18/07/2022,100,1,ConsumerStaples,White,0.25,0,0,0,1,ByBirth,0,0
18/07/2022,1,35.58,0.75,1,18/07/2022,231,1,Financials,White,1.5,0,0,0,1,ByBirth,0,0
18/07/2022,1,34.17,2.75,1,18/07/2022,232,1,ConsumerDiscretionary,Asian,2.5,0,0,0,1,ByBirth,200,0
18/07/2022,1,33.17,2.25,0,18/07/2022,200,0,InformationTechnology,White,3.5,0,0,0,1,ByBirth,141,0
18/07/2022,1,31.58,0.75,0,18/07/2022,320,0,ConsumerStaples,White,3.5,0,0,0,1,ByBirth,0,0
18/07/2022,0,52.5,7.0,1,18/07/2022,0,1,ConsumerStaples,Black,3.0,0,0,0,0,ByBirth,0,0
11/08/2022,1,36.17,0.42,0,11/08/2022,309,0,Industrials,White,0.29,0,0,0,1,ByBirth,2,0
12/08/2022,1,37.33,2.665,1,12/08/2022,0,1,InformationTechnology,White,165,0,0,0,1,ByBirth,501,0
13/08/2022,0,20.83,8.5,1,13/08/2022,0,1,Energy,White,165,0,0,0,0,ByBirth,351,0
14/08/2022,1,24.08,9.0,1,14/08/2022,0,1,ConsumerStaples,White,0.25,0,0,0,1,ByBirth,0,0
15/08/2022,1,25.58,335,1,15/08/2022,340,1,Financials,Black,3.5,0,0,0,1,ByBirth,0,0
16/08/2022,0,35.17,3.75,1,16/08/2022,0,1,Healthcare,Latino,0.0,0,1,6,0,ByBirth,200,0
17/08/2022,1,48.08,3.75,1,17/08/2022,100,1,ConsumerDiscretionary,Asian,1.0,0,0,0,0,ByBirth,2,0
18/08/2022,0,15.83,7.625,1,18/08/2022,0,1,Materials,White,125,0,1,1,1,ByBirth,160,0
19/08/2022,0,22.5,415,1,19/08/2022,144,1,ConsumerDiscretionary,White,335,0,0,0,1,ByOtherMeans,0,0
18/07/2022,1,21.5,11.5,1,18/07/2022,100,1,ConsumerDiscretionary,White,0.5,1,0,0,1,ByBirth,68,0
11/08/2022,0,23.58,0.83,1,11/08/2022,200,1,Materials,White,415,0,1,1,1,ByBirth,11,0
12/08/2022,0,21.08,5.0,0,12/08/2022,0,0,Healthcare,Latino,0.0,0,0,0,0,ByBirth,0,0
13/08/2022,1,25.67,3.25,1,13/08/2022,416,1,Energy,Black,2.29,0,1,1,1,ByBirth,21,0
14/08/2022,0,38.92,1.665,1,14/08/2022,0,1,ConsumerStaples,White,0.25,0,0,0,0,ByBirth,390,0
15/08/2022,0,15.75,375,1,15/08/2022,120,1,Energy,White,1.0,0,0,0,0,ByBirth,18,0
16/08/2022,0,28.58,3.75,1,16/08/2022,40,1,Energy,White,0.25,0,1,1,1,ByBirth,154,0
17/08/2022,1,22.25,9.0,1,17/08/2022,0,1,ConsumerStaples,White,85,0,0,0,0,ByBirth,0,0
18/08/2022,1,29.83,3.5,1,18/08/2022,216,1,Energy,White,165,0,0,0,0,ByBirth,0,0
19/08/2022,0,23.5,1.5,1,19/08/2022,160,1,Industrials,White,875,0,0,0,1,ByBirth,0,0
18/07/2022,1,32.08,4.0,0,18/07/2022,120,0,InformationTechnology,White,1.5,0,0,0,1,ByBirth,0,0
11/08/2022,1,31.08,1.5,0,11/08/2022,160,0,Industrials,White,0.04,0,0,0,0,ByOtherMeans,0,0
12/08/2022,1,31.83,0.04,0,12/08/2022,0,0,CommunicationServices,White,0.04,0,0,0,0,ByBirth,0,0
13/08/2022,0,21.75,11.75,1,13/08/2022,180,1,Energy,White,0.25,0,0,0,1,ByBirth,0,0
14/08/2022,0,17.92,0.54,1,14/08/2022,80,1,Energy,White,1.75,0,1,1,1,ByBirth,5,0
15/08/2022,1,30.33,0.5,1,15/08/2022,252,1,Real Estate,Black,85,0,0,0,1,ByOtherMeans,0,0
16/08/2022,1,51.83,02.04,0,16/08/2022,120,0,Healthcare,Latino,1.5,0,0,0,0,ByBirth,1,0
17/08/2022,1,47.17,5.835,1,17/08/2022,465,1,Industrials,White,5.5,0,0,0,0,ByBirth,150,0
18/08/2022,1,25.83,12.835,1,18/08/2022,0,1,InformationTechnology,White,0.5,0,0,0,0,ByBirth,2,0
19/08/2022,0,50.25,835,1,19/08/2022,240,1,ConsumerStaples,White,0.5,0,0,0,1,ByBirth,117,0
18/07/2022,1,29.5,2.0,0,18/07/2022,256,0,Education,Black,2.0,0,0,0,0,ByBirth,17,0
11/08/2022,0,37.33,2.5,1,11/08/2022,260,1,ConsumerDiscretionary,Black,0.21,0,0,0,0,ByBirth,246,0
12/08/2022,0,41.58,01.04,1,12/08/2022,240,1,ConsumerStaples,White,665,0,0,0,0,ByBirth,237,0
13/08/2022,0,30.58,10.665,1,13/08/2022,129,1,Materials,Black,85,0,1,12,1,ByBirth,3,0
14/08/2022,1,19.42,7.25,1,14/08/2022,100,1,CommunicationServices,White,0.04,0,1,1,0,ByBirth,1,0
15/08/2022,0,17.92,10.21,1,15/08/2022,0,1,Healthcare,Latino,0.0,0,0,0,0,ByBirth,50,0
16/08/2022,0,20.08,1.25,1,16/08/2022,0,1,Energy,White,0.0,0,0,0,0,ByBirth,0,0
17/08/2022,1,19.5,0.29,1,17/08/2022,280,1,Financials,White,0.29,0,0,0,0,ByBirth,364,0
18/08/2022,1,27.83,1.0,0,18/08/2022,176,0,Real Estate,Black,3.0,0,0,0,0,ByBirth,537,0
19/08/2022,1,17.08,3.29,1,19/08/2022,140,1,ConsumerDiscretionary,White,335,0,0,0,1,ByBirth,2,0
19/09/2022,1,36.42,0.75,0,19/09/2022,240,0,Real Estate,White,585,0,0,0,0,ByBirth,3,0
20/09/2022,1,40.58,3.29,1,20/09/2022,400,1,CommunicationServices,White,3.5,0,0,0,1,ByOtherMeans,0,0
21/09/2022,1,21.08,10.085,0,21/09/2022,260,0,Education,Black,1.25,0,0,0,0,ByBirth,0,0
22/09/2022,0,22.67,0.75,1,22/09/2022,200,1,Energy,White,2.0,0,1,2,1,ByBirth,394,0
23/09/2022,0,25.25,13.5,0,23/09/2022,200,0,Healthcare,Latino,2.0,0,1,1,1,ByBirth,1,0
24/09/2022,1,17.92,205,1,24/09/2022,280,1,ConsumerStaples,White,0.04,0,0,0,0,ByBirth,750,0
25/09/2022,1,35.0,3.375,1,25/09/2022,0,1,Energy,Black,8.29,0,0,0,1,ByBirth,0,0